{"cameraMode":{"drawMode":0,"name":"Shaded","section":"Shading Mode"},"sceneLighting":true,"audioPlay":false,"sceneViewState":{"showFog":true,"showMaterialUpdate":false,"showSkybox":true,"showFlares":true,"showImageEffects":true,"showParticleSystems":true},"in2DMode":false,"pivot":{"x":-9.265962600708008,"y":3.99371600151062,"z":-7.85159969329834},"rotation":{"x":-0.14847619831562043,"y":-0.06068246439099312,"z":0.009131049737334252,"w":-0.9870167374610901},"size":1.2206075191497803,"orthographic":false}